{
"北京市-市辖区":[116.413384,39.910925],
"天津市-市辖区":[117.209523,39.093668],
"河北省-石家庄市":[114.521532,38.048312],
"河北省-唐山市":[118.186459,39.636584],
"河北省-秦皇岛市":[119.608531,39.941748],
"河北省-邯郸市":[114.545628,36.631263],
"河北省-邢台市":[114.511462,37.076686],
"河北省-保定市":[115.471464,38.879988],
"河北省-张家口市":[114.892572,40.773237],
"河北省-承德市":[117.969398,40.957856],
"河北省-沧州市":[116.845581,38.310215],
"河北省-廊坊市":[116.690582,39.543367],
"河北省-衡水市":[115.675406,37.745191],
"河北省-定州市":[114.996496,38.522199],
"河北省-辛集市":[115.224451,37.949309],
"山西省-太原市":[112.556391,37.876989],
"山西省-大同市":[113.306436,40.082469],
"山西省-阳泉市":[113.587617,37.862361],
"山西省-长治市":[113.122559,36.201268],
"山西省-晋城市":[112.858578,35.496285],
"山西省-朔州市":[112.439371,39.337108],
"山西省-晋中市":[112.759595,37.692839],
"山西省-运城市":[111.013389,35.032707],
"山西省-忻州市":[112.740624,38.422383],
"山西省-临汾市":[111.52553,36.093742],
"山西省-吕梁市":[111.15045,37.524498],
"内蒙古自治区-呼和浩特市":[111.755509,40.848423],
"内蒙古自治区-包头市":[109.846544,40.662929],
"内蒙古自治区-乌海市":[106.800391,39.662006],
"内蒙古自治区-赤峰市":[118.89552,42.261686],
"内蒙古自治区-通辽市":[122.250522,43.65798],
"内蒙古自治区-鄂尔多斯市":[109.787443,39.614482],
"内蒙古自治区-呼伦贝尔市":[119.77237,49.218446],
"内蒙古自治区-巴彦淖尔市":[107.394398,40.749359],
"内蒙古自治区-乌兰察布市":[113.139468,41.000748],
"内蒙古自治区-兴安盟":[122.044365,46.088464],
"内蒙古自治区-锡林郭勒盟":[116.054391,43.939423],
"内蒙古自治区-阿拉善盟":[105.735377,38.858276],
"辽宁省-沈阳市":[123.466452,41.68879],
"辽宁省-大连市":[121.621631,38.918954],
"辽宁省-鞍山市":[123.001373,41.115054],
"辽宁省-抚顺市":[123.964375,41.88597],
"辽宁省-本溪市":[123.692507,41.492916],
"辽宁省-丹东市":[124.361547,40.006409],
"辽宁省-锦州市":[121.132596,41.100931],
"辽宁省-营口市":[122.241575,40.673137],
"辽宁省-阜新市":[121.676408,42.028022],
"辽宁省-辽阳市":[123.243366,41.274161],
"辽宁省-盘锦市":[122.07749,41.125875],
"辽宁省-铁岭市":[123.732365,42.229948],
"辽宁省-朝阳市":[120.457499,41.579821],
"辽宁省-葫芦岛市":[120.843398,40.717364],
"吉林省-长春市":[125.330602,43.821954],
"吉林省-吉林市":[126.555635,43.843568],
"吉林省-四平市":[124.356482,43.171994],
"吉林省-辽源市":[125.150425,42.894055],
"吉林省-通化市":[125.946606,41.733816],
"吉林省-白山市":[126.42963,41.939627],
"吉林省-松原市":[124.831482,45.147404],
"吉林省-白城市":[122.845591,45.625504],
"吉林省-延边朝鲜族自治州":[129.477376,42.915743],
"黑龙江省-哈尔滨市":[126.541615,45.808826],
"黑龙江省-齐齐哈尔市":[123.924571,47.359977],
"黑龙江省-鸡西市":[130.975619,45.300872],
"黑龙江省-鹤岗市":[130.304433,47.356056],
"黑龙江省-双鸭山市":[131.165342,46.653186],
"黑龙江省-大庆市":[125.108658,46.593633],
"黑龙江省-伊春市":[128.847546,47.733318],
"黑龙江省-佳木斯市":[130.327359,46.80569],
"黑龙江省-七台河市":[131.011545,45.7763],
"黑龙江省-牡丹江市":[129.63954,44.556246],
"黑龙江省-黑河市":[127.53549,50.251272],
"黑龙江省-绥化市":[126.975357,46.660032],
"黑龙江省-大兴安岭地区":[123.644559,52.510947],
"上海市-市辖区":[121.480539,31.235929],
"江苏省-南京市":[118.802422,32.064653],
"江苏省-无锡市":[120.318583,31.49881],
"江苏省-徐州市":[117.290575,34.212667],
"江苏省-常州市":[119.981485,31.815796],
"江苏省-苏州市":[120.592412,31.303564],
"江苏省-南通市":[120.901592,31.986549],
"江苏省-连云港市":[119.228621,34.60225],
"江苏省-淮安市":[119.021484,33.616295],
"江苏省-盐城市":[120.167544,33.355101],
"江苏省-扬州市":[119.419419,32.400677],
"江苏省-镇江市":[119.430489,32.194716],
"江苏省-泰州市":[119.929566,32.460675],
"江苏省-宿迁市":[118.281574,33.96775],
"浙江省-杭州市":[120.215512,30.253083],
"浙江省-宁波市":[121.628572,29.866033],
"浙江省-温州市":[120.706477,28.001085],
"浙江省-嘉兴市":[120.763552,30.750975],
"浙江省-湖州市":[120.094517,30.898964],
"浙江省-绍兴市":[120.585478,30.036369],
"浙江省-金华市":[119.653436,29.084639],
"浙江省-衢州市":[118.866597,28.975546],
"浙江省-舟山市":[122.213556,29.990912],
"浙江省-台州市":[121.427435,28.662194],
"浙江省-丽水市":[119.929573,28.473278],
"安徽省-合肥市":[117.233443,31.826578],
"安徽省-芜湖市":[118.439431,31.358537],
"安徽省-蚌埠市":[117.395513,32.921524],
"安徽省-淮南市":[117.006389,32.631847],
"安徽省-马鞍山市":[118.51358,31.676266],
"安徽省-淮北市":[116.804537,33.961656],
"安徽省-铜陵市":[117.818477,30.951233],
"安徽省-安庆市":[117.063604,30.530957],
"安徽省-黄山市":[118.345437,29.72189],
"安徽省-滁州市":[118.339406,32.261271],
"安徽省-阜阳市":[115.820436,32.896061],
"安徽省-宿州市":[116.970544,33.652095],
"安徽省-六安市":[116.52641,31.741451],
"安徽省-亳州市":[115.784463,33.850643],
"安徽省-池州市":[117.498421,30.670884],
"安徽省-宣城市":[118.765534,30.946602],
"福建省-福州市":[119.30347,26.080429],
"福建省-厦门市":[118.096435,24.485407],
"福建省-莆田市":[119.014521,25.459865],
"福建省-三明市":[117.645521,26.269737],
"福建省-泉州市":[118.682446,24.879952],
"福建省-漳州市":[117.653576,24.51893],
"福建省-南平市":[118.0595,27.292158],
"福建省-龙岩市":[117.023448,25.08122],
"福建省-宁德市":[119.554511,26.672242],
"江西省-南昌市":[115.864589,28.689455],
"江西省-景德镇市":[117.184576,29.274248],
"江西省-萍乡市":[113.861496,27.628393],
"江西省-九江市":[116.007535,29.711341],
"江西省-新余市":[114.923535,27.823579],
"江西省-鹰潭市":[117.075575,28.265787],
"江西省-赣州市":[114.940503,25.835176],
"江西省-吉安市":[115.000511,27.119727],
"江西省-宜春市":[114.423564,27.820856],
"江西省-抚州市":[116.364539,27.954892],
"江西省-上饶市":[117.94946,28.460626],
"山东省-济南市":[117.126399,36.656554],
"山东省-青岛市":[120.389455,36.072227],
"山东省-淄博市":[118.061453,36.819086],
"山东省-枣庄市":[117.330542,34.815994],
"山东省-东营市":[118.681385,37.439642],
"山东省-烟台市":[121.454415,37.470038],
"山东省-潍坊市":[119.168378,36.712652],
"山东省-济宁市":[116.593612,35.420177],
"山东省-泰安市":[117.094495,36.205858],
"山东省-威海市":[122.127541,37.516431],
"山东省-日照市":[119.533415,35.422839],
"山东省-莱芜市":[117.68355,36.219472],
"山东省-临沂市":[118.363533,35.110671],
"山东省-德州市":[116.365557,37.441308],
"山东省-聊城市":[115.991588,36.462758],
"山东省-滨州市":[117.977404,37.388196],
"山东省-菏泽市":[115.487545,35.239407],
"河南省-郑州市":[113.631419,34.753439],
"河南省-开封市":[114.314593,34.802886],
"河南省-洛阳市":[112.459421,34.624263],
"河南省-平顶山市":[113.199529,33.772051],
"河南省-安阳市":[114.3995,36.105941],
"河南省-鹤壁市":[114.303594,35.752357],
"河南省-新乡市":[113.9336,35.30964],
"河南省-焦作市":[113.248548,35.220963],
"河南省-濮阳市":[115.035597,35.767593],
"河南省-许昌市":[113.858476,34.041432],
"河南省-漯河市":[114.023421,33.587711],
"河南省-三门峡市":[111.206533,34.778327],
"河南省-南阳市":[112.534501,32.996562],
"河南省-商丘市":[115.662449,34.420202],
"河南省-信阳市":[114.097483,32.153015],
"河南省-周口市":[114.703483,33.631829],
"河南省-驻马店市":[114.028471,33.017842],
"河南省-济源市":[112.608581,35.072907],
"湖北省-武汉市":[114.311582,30.598467],
"湖北省-黄石市":[115.045533,30.205208],
"湖北省-十堰市":[110.80453,32.635062],
"湖北省-宜昌市":[111.292549,30.697446],
"湖北省-襄阳市":[112.128537,32.014797],
"湖北省-鄂州市":[114.901607,30.396572],
"湖北省-荆门市":[112.206393,31.041733],
"湖北省-孝感市":[113.92251,30.930689],
"湖北省-荆州市":[112.245523,30.340842],
"湖北省-黄冈市":[114.87849,30.459359],
"湖北省-咸宁市":[114.328519,29.847056],
"湖北省-随州市":[113.38945,31.696517],
"湖北省-恩施土家族苗族自治州":[109.494593,30.27794],
"湖北省-仙桃市":[113.461591,30.368272],
"湖北省-潜江市":[112.905474,30.408358],
"湖北省-天门市":[113.172409,30.669622],
"湖北省-神农架林区":[110.682525,31.750496],
"湖南省-长沙市":[112.945473,28.234889],
"湖南省-株洲市":[113.140471,27.833568],
"湖南省-湘潭市":[112.950464,27.835702],
"湖南省-衡阳市":[112.578447,26.899576],
"湖南省-邵阳市":[111.474433,27.24527],
"湖南省-岳阳市":[113.135489,29.363178],
"湖南省-常德市":[111.705452,29.03775],
"湖南省-张家界市":[110.485533,29.122816],
"湖南省-益阳市":[112.361516,28.559711],
"湖南省-郴州市":[113.02146,25.776683],
"湖南省-永州市":[111.619455,26.425864],
"湖南省-怀化市":[110.008514,27.575161],
"湖南省-娄底市":[112.001503,27.703209],
"湖南省-湘西土家族苗族自治州":[109.745577,28.317369],
"广东省-广州市":[113.271431,23.135336],
"广东省-韶关市":[113.603527,24.815881],
"广东省-深圳市":[114.064552,22.548457],
"广东省-珠海市":[113.582555,22.276565],
"广东省-汕头市":[116.688529,23.359092],
"广东省-佛山市":[113.128512,23.027759],
"广东省-江门市":[113.088556,22.584604],
"广东省-湛江市":[110.365554,21.276723],
"广东省-茂名市":[110.931543,21.669064],
"广东省-肇庆市":[112.471489,23.052889],
"广东省-惠州市":[114.423558,23.116359],
"广东省-梅州市":[116.129537,24.294178],
"广东省-汕尾市":[115.381553,22.791263],
"广东省-河源市":[114.707446,23.749684],
"广东省-阳江市":[111.988489,21.86434],
"广东省-清远市":[113.062468,23.68823],
"广东省-东莞市":[113.75842,23.027308],
"广东省-中山市":[113.399422,22.522315],
"广东省-潮州市":[116.62947,23.662623],
"广东省-揭阳市":[116.378512,23.55574],
"广东省-云浮市":[112.051513,22.920912],
"广西壮族自治区-南宁市":[108.373451,22.822607],
"广西壮族自治区-柳州市":[109.434422,24.331961],
"广西壮族自治区-桂林市":[110.203545,25.242886],
"广西壮族自治区-梧州市":[111.285517,23.482745],
"广西壮族自治区-北海市":[109.126533,21.486836],
"广西壮族自治区-防城港市":[108.360419,21.693005],
"广西壮族自治区-钦州市":[108.66058,21.986594],
"广西壮族自治区-贵港市":[109.60552,23.117448],
"广西壮族自治区-玉林市":[110.188453,22.659831],
"广西壮族自治区-百色市":[106.624589,23.908186],